rv_shift_+77.396_ms,rv_shift_+43.888_ms
0.6973895605540377,0.6974251638601001
0.6974979780546358,0.6975374474323204
0.6976177021206571,0.6976608093227736
0.6977467511197664,0.6977910479289782
0.6978820260720181,0.6979279982985835
0.6980220480611001,0.6980716846616428
0.6981715756432851,0.6982254299280211
0.6983364739099472,0.6983924275721551
0.6985021187626292,0.6985584909749288
0.6986735873142345,0.6987348204900806
0.6988575466258928,0.6989217946688657
0.6990549868263195,0.6991239244593517
0.6992589969195616,0.6993271379093302
0.6994638331602339,0.6995361070764207
0.6996841089311838,0.699760200569488
0.6999133499359705,0.6999941882400442
0.7001566412010501,0.7002378868329774
0.7003982155579362,0.7004807172389145
0.7006526176280723,0.7007409000132145
0.7009195713754651,0.7010108708791642
0.7011967071093823,0.7012918817581324
0.7014782551608028,0.7015733500584606
0.7017661080431357,0.7018663483458456
0.7020673971849165,0.7021707255288132
0.7023779615853487,0.70248381486056
0.7026979458538984,0.7028061224674875
0.7030231336925503,0.7031335931811358
0.7033552323368937,0.7034680128799176
0.7036959168033489,0.7038128396081691
0.7040455828154618,0.7041651484020879
0.7044045352666373,0.7045259721233634
0.704768828848063,0.7048923888556469
0.7051379666527818,0.7052622872274277
0.7055111498109039,0.7056381484396436
0.705895705833127,0.7060256836005168
0.7062837476749162,0.7064150101168584
0.7066772397543736,0.7068085352572884
0.7070704242298376,0.7072044089835554
0.7074739824046192,0.707609667513832
0.7078793165628805,0.7080147607341694
0.7082837531257515,0.7084201487224162
0.7086906223156081,0.7088273066160139
0.709102171064162,0.7092420177223315
0.7095186568629814,0.7096575880149898
0.7099311104413661,0.7100670135306835
0.7103364271138448,0.7104717478494835
0.7107430079704007,0.7108816396634515
0.7111560584145377,0.7112938766838646
0.7115655399828353,0.7117001076976599
0.7119616905709418,0.7120933838503288
0.7123564493451848,0.712487799730586
0.7127461119571148,0.7128757620826659
0.7131329777527401,0.7132612939088482
0.7135090982158563,0.7136325620922268
0.7138749759204328,0.7139955111688495
0.7142296905344188,0.7143475671399907
0.7145771131901861,0.7146911769950108
0.7149115088966389,0.7150192129399093
0.7152286588611232,0.7153328610764726
0.7155321908583541,0.7156300268146691
0.715818231182243,0.7159100557636755
0.7160867009240904,0.71617350634274
0.7163353787927107,0.7164141287427972
0.7165619310971305,0.7166304932390337
0.7167614642579337,0.7168236760413984
0.7169385755154991,0.7169921314096753
0.7170883774935002,0.7171308199656556
0.7172050490763934,0.7172375479708255
0.7172909328298238,0.7173126941787131
0.7173439326789891,0.7173530050289236
0.717359488700548,0.7173565997188631
0.7173325629841126,0.7173142838761642
0.7172645447515561,0.7172316772380485
0.7171516160468718,0.7171037564856317
0.7169921676207209,0.716928174456198
0.7167824029237561,0.7166983913369838
0.7165152107736923,0.7164139459887159
0.7161899192448579,0.7160664257702642
0.7158025472093061,0.7156588573805898
0.7153526447611411,0.715187917254704
0.7148370542030067,0.7146481481987934
0.7142488593345981,0.7140342243905872
0.7135783976725303,0.7133364805026841
0.712827656914817,0.7125586880254405
0.7120000517443358,0.711703861578699
0.7110825932836595,0.7107543563823192
0.7100700308540503,0.709708924065217
0.7089603174549932,0.7085667451509545
0.7077517181334353,0.7073235686377985
0.7064382223517871,0.7059725665705723
0.7050146601054161,0.7045112321659336
0.7034750947968491,0.7029337446012769
0.701822912892875,0.7012417906327959
0.7000500809382898,0.6994282301147132
0.6981482228516988,0.6974814718310838
0.696114587128539,0.6954033819153843
0.6939537067948188,0.6932000096442794
0.6916586448132652,0.6908591517525702
0.68922527568214,0.6883789324526907
0.686652946376096,0.6857578120265917
0.683930874671808,0.6829864986930672
0.6810662551835509,0.680074801885662
0.678059161799825,0.6770198114322545
0.6749095746607328,0.6738218593758661
0.6716097362540336,0.6704708207973451
0.6681626127314124,0.666975723294199
0.6645675227563395,0.6633291155861658
0.6608302252282388,0.6595490689190753
0.6569589645242899,0.655629114707597
0.652944620193503,0.651570639878168
0.6487970025573697,0.6473758697567997
0.6445150469874625,0.6430523369119385
0.6401083950654598,0.6386038861124925
0.6355855693245012,0.634046672060403
0.6309537700554766,0.6293777213289973
0.6262151111875449,0.6246041090748868
0.6213770190289252,0.6197348345979682
0.6164537183015196,0.6147855265502739
0.6114519241404136,0.6097609298597436
0.6063849791851061,0.6046736924907492
0.6012599689182179,0.5995338492984874
0.5960975715223128,0.5943588859009252
0.5908987035408217,0.5891522862837837
0.5856815383096803,0.5839308629432459
0.5804573112630323,0.5787092751680898
0.5752493567161945,0.5735086299871242
0.5700638287503633,0.5683348925270899
0.5649174156121441,0.5632033132113614
0.5598215758142326,0.5581280353959674
0.5547968394445009,0.5531313710122643
0.5498581964384452,0.5482263280258003
0.5450205561456407,0.5434239963603287
0.5402999422773989,0.5387468374595653
0.5357090604964894,0.5342020201544878
0.5312621413351689,0.5298081903573266
0.5269770684858036,0.5255803472944783
0.5228710457199642,0.5215393980695362
0.5189604319142526,0.5176929501953769
0.5152503804891118,0.5140561702880811
0.5117530133748615,0.510629024462063
0.5084769559170799,0.5074340554181385
0.5054541235985939,0.5044980692212985
0.5026919965263491,0.501826215787146
0.5001919015230747,0.4994081807212737
0.49793753495957216,0.49724348290034676
0.4959701335954732,0.495377677342494
0.4942994464565072,0.4938060821126516
0.4929292390572323,0.49253805611033824
0.4918502218795977,0.49155021135392385
0.4910573844019114,0.49086366513198165
0.49058201608292473,0.490491266623798
0.490411357270972,0.4904234618385005
0.490544247808268,0.4906532281475687
0.4909778649086036,0.4911962588467137
0.49173549724466165,0.49205379726581866
0.4927803552345132,0.4931969458436678
0.49411702430875415,0.4946276050264636
0.4957363785058404,0.49634709618237327
0.49765487323041185,0.49836145131739285
0.4998555126445602,0.5006546293891636
0.5023253384028439,0.5032094957773695
0.505045085315548,0.5060108598916763
0.5080107810489217,0.5090580105876366
0.511217153116509,0.5123445260870443
0.5146556270362743,0.5158582486269804
0.5183145453556,0.5195877778588338
0.5221736253309455,0.5235053918677645
0.526207394079604,0.527597902436606
0.5304177245181919,0.5318664694080271
0.5347938390377367,0.5362940329637317
0.5393172138299018,0.5408598856915829
0.5439632881097867,0.5455470525665158
0.5487240728663791,0.5503420209013226
0.5535871913153302,0.5552362793725463
0.558533871340859,0.5602069466846338
0.5635488946025,0.5652415129129924
0.568612143453576,0.5703169358027554
0.5737181151928553,0.5754367591854157
0.5788545858190821,0.580578159645049
0.5839988082904725,0.5857228066454675
0.5891374806890433,0.5908544166253495
0.5942557145892082,0.5959659947891184
0.599348950417628,0.6010480210739974
0.6044038225997539,0.6060867451781908
0.609407948686939,0.6110693453733937
0.6143430880125298,0.6159812874456816
0.6192075519628593,0.6208192313913488
0.6239884065851952,0.625569507746719
0.6286767684608119,0.6302264609086564
0.6332660656091349,0.6347809774487974
0.6377509628716784,0.639229289819504
0.6421243674376447,0.6435630577690423
0.646374478471254,0.6477717540145425
0.6505042470350173,0.6518596786539601
0.6545031484609041,0.6558129751934771
0.6583692693870107,0.6596370664081432
0.6621063174612313,0.6633273998036004
0.6657062945265911,0.6668827548431565
0.669166972452717,0.6702945178255793
0.6724849954717902,0.673565250272196
0.6756655247498595,0.6767000884143168
0.6787076174764923,0.6796967865373738
0.6816136298959514,0.6825555269171992
0.6843778550173619,0.6852725144387497
0.6870057065322424,0.6878558345437316
0.6894998832028165,0.6903070207896886
0.6918624026287106,0.6926255611548632
0.694095350365012,0.6948129593714845
0.6961994041491599,0.6968774269562394
0.6981820503623748,0.6988192728362841
0.7000429440904734,0.700639061061326
0.7017834218293446,0.7023403429298469
0.7034092741704047,0.7039304999210954
0.7049300253897037,0.7054147710754646
0.7063429793297324,0.7067947611705826
0.7076499616113169,0.7080633902147901
0.708851416512488,0.7092329940605555
0.7099612141546923,0.7103142081907079
0.7109839305395476,0.7113088453826273
0.7119211492503128,0.7122122126955828
0.7127608618449598,0.7130233061864899
0.7135171118817505,0.7137541352591952
0.7142017556012865,0.7144150792651647
0.7148197809336214,0.7150107265145642
0.7153610031715822,0.7155250765530863
0.7158255038545789,0.7159667035024981
0.7162289167649993,0.7163510471085446
0.7165727934144608,0.7166761228633107
0.7168606889558561,0.7169436359515537
0.7170884714635585,0.717152045663602
0.717262848613414,0.7173103943843278
0.7173873480168509,0.7174182403219651
0.7174655197292444,0.7174804584709245
0.717495688087112,0.717496208588033
0.7174840998096006,0.7174713419656267
0.7174334190737393,0.7174071021923198
0.7173427594041898,0.7173052702747783
0.7172181692174593,0.7171692296906793
0.7170614862218273,0.7170011262705993
0.7168700169808795,0.7167989891892914
0.7166473650847552,0.716567954176849
0.7164013224858174,0.7163137741565857
0.7161335543190819,0.7160379928052882
0.7158383152820822,0.7157331460257842
0.7155197184563278,0.715408081516614
0.7151817013798711,0.7150645187645616
0.7148296217465304,0.7147086200176754
0.7144602626780816,0.7143319021423644
0.7140726748153803,0.7139404399161092
0.7136746932637323,0.7135389298541078
0.7132672223265445,0.7131294315147159
0.712850011260292,0.7127069125135139
0.7124191779963177,0.7122735531860749
0.7119824103592334,0.7118354369471556
0.7115438169353321,0.7113968923325981
0.7111017231633786,0.7109514840945612
0.7106519955654956,0.7105008839645839
0.7102007616084491,0.7100490827693116
0.7097498432062932,0.7095998775929591
0.709300959720532,0.7091500874718764
0.7088490642957793,0.7086987720782356
0.7084008913095918,0.7082505106445616
0.7079568421315638,0.7078102343259561
0.7075216120511832,0.7073755945656102
0.7070833495586375,0.7069369915101844
0.7066497101934337,0.7065074011764481
0.7062265755692059,0.706086586794209
0.705813562673409,0.7056765129272949
0.705405682458094,0.7052691960622135
0.7050011778158262,0.7048690520288947
0.7046098043403372,0.7044812893060031
0.7042294977587495,0.7041031929301625
0.7038553724455762,0.7037321579224063
0.7034901552372506,0.7033708807656383
0.7031393826349989,0.7030244107313318
0.7028009874931415,0.7026894758255335
0.7024692976480021,0.7023591882622018
0.7021447057012462,0.7020398241759533
0.7018393793079509,0.7017403062805854
0.7015463020878772,0.7014503174752718
0.7012628724121275,0.7011689353652222
0.7009855693122439,0.7008957951112549
0.7007250993970713,0.7006409108883473
0.7004780854394357,0.7003984200388841
0.7002458030039755,0.7001694774807192
0.7000181437013042,0.6999427067515089
0.6998008103054261,0.6997326500864673
0.6996015590149787,0.6995372533477531
0.6994155538339073,0.6993554520156845
0.6992365487810497,0.699178339036601
0.699065660300761,0.6990121356470697
0.6989107895835232,0.6988612617187664
0.6987679557803195,0.6987223825528012
0.6986323690151428,0.6985881975396793
0.6985047932488296,0.6984637875776245
0.6983901626433957,0.6983547530595331
0.6982883721707946,0.6982561442931385
0.6981919762749158,0.6981610348902756
0.6981018938284036,0.6980736211985887
0.6980227294743644,0.6979991985718015
0.6979539913594353,0.6979311799169878
