vrad_min,vrad_max,vrad_step,n_samples,true_mean_mps,pred_mean_mps,bias_mps,std_mps,mae_mps,median_abs_err_mps,rmse_mps,min_residual_mps,max_residual_mps,pearson_r
-16.5,13.5,0.1,30,-3.031649005909761e-14,-4.5474735088646414e-14,-1.5158245029548804e-14,16.162960943362297,13.716493185859129,13.917377422173217,15.891295192906709,-22.513138959894377,33.11132500235726,0.7707601781967248
-16.49,13.510000000000002,0.1,30,7.579122514774402e-14,4.5474735088646414e-14,-3.031649005909761e-14,14.869356000266347,12.973597538581734,12.673620142742152,14.619433057882292,-20.07636662737093,28.375605903985388,0.7844996471907043
-16.479999999999997,13.520000000000003,0.1,30,-1.1368683772161604e-14,-5.3053857603420815e-14,-4.168517383125921e-14,13.101566870217637,11.420522233528242,11.258438532288494,12.881356785666055,-17.29175045389161,24.9423110834025,0.799498382566428
-16.469999999999995,13.530000000000005,0.1,30,7.958078640513122e-14,0.0,-7.958078640513122e-14,10.725071729125174,9.300410534579733,8.852762091312343,10.544805584190923,-14.960146595536798,18.889362094290846,0.8226368835408354
-16.459999999999994,13.540000000000006,0.1,30,1.0610771520684163e-13,-3.789561257387201e-14,-1.4400332778071363e-13,8.998968590687946,7.616804558646739,6.866424016754365,8.847714648784468,-13.050225730119678,18.6372282237661,0.83513779253184
-16.449999999999992,13.550000000000008,0.1,30,1.6295113406764964e-13,-3.031649005909761e-14,-1.9326762412674725e-13,7.652002976244325,6.2992899926618175,5.106483266074804,7.52338872429419,-11.596317295161498,17.884981754981595,0.8147963164856048
-16.43999999999999,13.56000000000001,0.1,30,1.8947806286936004e-14,1.5158245029548804e-14,-3.789561257387201e-15,7.32447458050359,5.9421118835765245,4.9558932455944955,7.201365399544852,-10.74466037752893,16.30330336834936,0.8151863958275951
-16.42999999999999,13.570000000000011,0.1,30,-6.442254137558242e-14,-1.5158245029548804e-14,4.9264296346033615e-14,7.076764946040536,5.843310196051876,4.785313702576843,6.9578192487391135,-10.529314096692133,14.769927648366206,0.8297821381895442
-16.419999999999987,13.580000000000013,0.1,30,3.789561257387201e-15,2.2737367544323207e-14,1.8947806286936004e-14,6.7801381470099225,5.689435007028529,4.788665011461092,6.666178129142253,-10.430384858114394,15.007902712039026,0.8476357585160971
-16.409999999999986,13.590000000000014,0.1,30,6.821210263296962e-14,7.579122514774402e-15,-6.063298011819522e-14,6.703000978740928,5.619758899993174,4.493354501989984,6.590337476207253,-10.50525121542546,14.869489955777112,0.8471491511569932
-16.399999999999984,13.600000000000016,0.1,30,-2.6526928801710407e-14,-5.3053857603420815e-14,-2.6526928801710407e-14,6.6392934341717025,5.567723621878519,4.478077139843435,6.527700722934604,-10.428200126597744,14.602461438091723,0.8469991165240284
-16.389999999999983,13.610000000000017,0.1,30,1.3263464400855204e-13,3.031649005909761e-14,-1.0231815394945443e-13,6.696250538454011,5.653760910064205,4.522865782061558,6.583700496778955,-10.412821121965976,14.650338987655346,0.8472651778222876
-16.37999999999998,13.620000000000019,0.1,30,2.2737367544323207e-14,5.3053857603420815e-14,3.031649005909761e-14,6.6532567690077595,5.613760241334929,4.640167997689048,6.541429363159297,-10.586984543630365,14.556547164168137,0.8432581304066257
-16.36999999999998,13.63000000000002,0.1,30,8.715990891990563e-14,1.5158245029548804e-14,-7.200166389035682e-14,6.660105315404286,5.639402903191698,4.824313635888416,6.548162799737589,-10.79854633273294,14.04738345807732,0.8447430481389421
-16.359999999999978,13.640000000000022,0.1,30,-1.5537201155287524e-13,-1.5158245029548804e-14,1.4021376652332644e-13,6.629615115508931,5.5963616610922635,4.598668489387478,6.5181850766752305,-10.758355393065358,14.103368419513686,0.8440513732831074
-16.349999999999977,13.650000000000023,0.1,30,0.0,0.0,0.0,6.5858692169101705,5.585990750583134,4.6309088862597605,6.475174455629502,-10.659344557499708,13.711023163335085,0.8414215167595893
-16.339999999999975,13.660000000000025,0.1,30,3.789561257387201e-14,1.5158245029548804e-14,-2.2737367544323207e-14,6.502910974076301,5.518852322252701,4.560024624319055,6.393610568283771,-10.40125594734593,13.184128576633839,0.8414958769323886
-16.329999999999973,13.670000000000027,0.1,30,2.1979455292845766e-13,1.5158245029548804e-14,-2.0463630789890886e-13,6.489786144188728,5.500083142503354,4.605974511214697,6.380706339483678,-10.530162956205231,13.127285050767455,0.8399050914831896
-16.319999999999972,13.680000000000028,0.1,30,-5.684341886080802e-14,-5.3053857603420815e-14,3.789561257387201e-15,6.426857263828952,5.439401899785022,4.417406391694442,6.318835162694935,-10.664033266848833,12.876347086302303,0.8403551447766126
-16.30999999999997,13.69000000000003,0.1,30,-1.3263464400855204e-13,1.5158245029548804e-14,1.4779288903810084e-13,6.346402944744726,5.371894632317082,4.314257985542099,6.239733113349406,-10.368722188989636,12.6664800538681,0.840854092240946
-16.29999999999997,13.700000000000031,0.1,30,4.5474735088646414e-14,-5.3053857603420815e-14,-9.852859269206723e-14,6.2870116362428785,5.29804295275103,4.252204351205421,6.181340049194693,-10.662892996015444,12.517786204213849,0.8366496569295642
-16.289999999999967,13.710000000000033,0.1,30,-5.684341886080802e-14,4.5474735088646414e-14,1.0231815394945443e-13,6.321854417010178,5.352191144599347,4.240633783920146,6.215597195298994,-10.491001038591776,12.481382526858056,0.8388946686717367
-16.279999999999966,13.720000000000034,0.1,30,1.0610771520684163e-13,5.3053857603420815e-14,-5.3053857603420815e-14,6.251452118230332,5.2988124623000505,4.257124140494284,6.146378212707242,-10.436468783413034,12.382482224873229,0.8362970409121537
-16.269999999999964,13.730000000000036,0.1,30,2.6526928801710407e-14,3.789561257387201e-14,1.1368683772161604e-14,6.273539536334702,5.2925886470817165,4.4519081273825805,6.168094387260635,-10.495514685120497,12.45941523989211,0.8363324856513374
-16.259999999999962,13.740000000000038,0.1,30,-9.473903143468003e-14,3.789561257387201e-14,1.3263464400855204e-13,6.360022651752579,5.371259068597704,4.466903330841433,6.2531239014148525,-10.472686886091196,12.573418592492885,0.8367175166962534
-16.24999999999996,13.750000000000039,0.1,30,4.168517383125921e-14,7.579122514774402e-15,-3.410605131648481e-14,6.40919617835757,5.430704616595225,4.76192135647608,6.301470923330852,-10.465297742157077,12.681201414202746,0.8330483173789918
-16.23999999999996,13.76000000000004,0.1,30,1.5916157281026243e-13,-1.1368683772161604e-14,-1.7053025658242404e-13,6.474270312928389,5.507568257714778,4.850910255521967,6.365451297070014,-10.75852126218291,12.9298795152651,0.8333702409187534
-16.229999999999958,13.770000000000042,0.1,30,-3.410605131648481e-14,-7.579122514774402e-15,2.6526928801710407e-14,6.624991863478597,5.620800892745801,5.065251496317444,6.513639531894005,-11.156978678645487,13.141730881403873,0.8312295803205171
-16.219999999999956,13.780000000000044,0.1,30,1.1368683772161603e-13,3.789561257387201e-15,-1.0989727646422883e-13,6.857235415641447,5.791380689024304,5.119703846225832,6.741979553069688,-11.551962941438148,13.832026884952313,0.8286172144728322
-16.209999999999955,13.790000000000045,0.1,30,-4.9264296346033615e-14,-2.6526928801710407e-14,2.2737367544323207e-14,6.967189678871243,5.862784347020193,5.339418681466498,6.8500857138669655,-11.420088211168547,14.102665645755394,0.8275592260987221
-16.199999999999953,13.800000000000047,0.1,30,-5.3053857603420815e-14,-2.2737367544323207e-14,3.031649005909761e-14,6.910557168872764,5.835888288888115,5.033396654612886,6.794405078551773,-11.128184300404882,13.79557784903318,0.8273298661404663
-16.18999999999995,13.810000000000048,0.1,30,-1.0610771520684163e-13,-3.789561257387201e-15,1.0231815394945443e-13,6.879203075061425,5.758784359359906,4.814731036181286,6.763577981833044,-11.211749697417815,13.820594520470024,0.8235620208321897
-16.17999999999995,13.82000000000005,0.1,30,-3.0316490059097606e-13,1.8947806286936004e-14,3.221127068779121e-13,6.716395374215983,5.593779457184197,4.622522279112843,6.603506739758065,-11.292774520627574,13.686208488804425,0.8230339097307231
-16.16999999999995,13.830000000000052,0.1,30,1.6674069532503683e-13,2.6526928801710407e-14,-1.4021376652332644e-13,6.653260440794652,5.526684222909751,4.8408683377576835,6.541432973231091,-11.721189068950991,13.117210256207784,0.8203141053981903
-16.159999999999947,13.840000000000053,0.1,30,1.0989727646422883e-13,2.6526928801710407e-14,-8.337034766251842e-14,6.676695404234574,5.52450506198683,5.229298054671233,6.564474043686175,-11.912579283267235,12.722467258822633,0.8161887523801586
-16.149999999999945,13.850000000000055,0.1,30,1.8568850161197285e-13,1.1368683772161604e-14,-1.7431981783981126e-13,6.826387485949526,5.624556503798506,5.471056601282328,6.711650112904477,-11.857154927826684,13.207034458736587,0.8081236978607136
-16.139999999999944,13.860000000000056,0.1,30,-1.8568850161197285e-13,3.789561257387201e-15,1.8947806286936006e-13,6.860415259009782,5.65605389616289,5.541859476970956,6.745105949885871,-12.44872795580153,12.988554481491917,0.8061173258784877
-16.129999999999942,13.870000000000058,0.1,30,-3.410605131648481e-14,-1.8947806286936004e-14,1.5158245029548804e-14,7.026378503887191,5.7779928268810865,5.688666576986634,6.90827969786196,-12.36436424056825,13.325069987207883,0.7997263731222484
-16.11999999999994,13.88000000000006,0.1,30,-2.6526928801710407e-14,-2.6526928801710407e-14,0.0,7.210918561830434,5.923426469536048,5.744048305941135,7.089718021320665,-12.787180098804413,13.583477723232761,0.7957447095682716
-16.10999999999994,13.890000000000061,0.1,30,-8.337034766251842e-14,-2.2737367544323207e-14,6.063298011819522e-14,7.223105525767213,5.981609798452382,5.713407200935478,7.1017001477456,-12.85676812604845,13.919650976165599,0.7919204996400458
-16.099999999999937,13.900000000000063,0.1,30,-7.579122514774402e-15,2.2737367544323207e-14,3.031649005909761e-14,7.316028026362481,6.0444473952776585,5.69021132469004,7.193060814407911,-12.98173473570614,14.015026804146714,0.7870712936938958
-16.089999999999936,13.910000000000064,0.1,30,4.168517383125921e-14,1.5158245029548804e-14,-2.6526928801710407e-14,7.527539963461508,6.247149862163379,6.022839988913347,7.401017675842047,-14.008795976333317,14.025778787056197,0.7871862592183692
-16.079999999999934,13.920000000000066,0.1,30,1.1368683772161604e-14,-1.5158245029548804e-14,-2.6526928801710407e-14,7.606629179060723,6.297436590889216,6.193724100334009,7.478777566252393,-14.58084134802641,14.265029243649792,0.7845877988484078
-16.069999999999933,13.930000000000067,0.1,30,-9.852859269206723e-14,-2.6526928801710407e-14,7.200166389035682e-14,7.835083479446591,6.493494533520319,6.166273374378591,7.703392025090873,-15.276500119521359,14.5095995122187,0.7831628781142448
-16.05999999999993,13.940000000000069,0.1,30,-1.8568850161197285e-13,2.6526928801710407e-14,2.1221543041368326e-13,8.243903984055406,6.802961796697556,6.299283176553331,8.10534110746614,-15.963365103386934,15.446320584911234,0.7826915423088967
-16.04999999999993,13.95000000000007,0.1,30,-1.3642420526593923e-13,0.0,1.3642420526593923e-13,8.40793545523714,6.91974947346702,6.295134032743476,8.266615550843806,-16.012132236741536,15.96805901706125,0.7790454895594777
-16.039999999999928,13.960000000000072,0.1,30,2.6526928801710407e-14,1.8947806286936004e-14,-7.579122514774402e-15,8.655637004541662,7.182043421759025,6.722828289886024,8.510153752385712,-17.7309156054543,16.69391975275056,0.7806782413630146
-16.029999999999927,13.970000000000073,0.1,30,-3.410605131648481e-14,0.0,3.410605131648481e-14,9.057025958304694,7.400943895285661,6.903933246413715,8.904796192825426,-20.16248240960124,17.363965491523118,0.7718566009306251
-16.019999999999925,13.980000000000075,0.1,30,-1.2505552149377764e-13,-7.579122514774402e-15,1.1747639897900324e-13,9.89065098431064,7.955115117705028,7.387060712468042,9.724409716292818,-22.55939682758003,18.78490627091071,0.762324942635999
-16.009999999999923,13.990000000000077,0.1,30,-2.2358411418584485e-13,1.1368683772161604e-14,2.349527979580065e-13,10.429937566936873,8.26752079010125,7.501694699206894,10.254632013316115,-23.420729849404722,19.65575740062826,0.7575064346021294
-15.999999999999922,14.000000000000078,0.1,30,-1.8947806286936004e-14,-9.473903143468002e-15,9.473903143468002e-15,11.04141738008158,8.813821229798016,8.004445107984424,10.855834122832848,-23.600222200743218,20.617939619926943,0.7614180947321512
-15.98999999999992,14.01000000000008,0.1,30,-7.579122514774402e-14,-1.3263464400855204e-14,6.252776074688882e-14,12.071232220723546,9.739506183062371,8.694745947077166,11.868339918276122,-24.61758040213195,22.74371514552908,0.761515812728604
-15.979999999999919,14.020000000000081,0.1,30,1.2884508275116483e-13,7.579122514774402e-15,-1.2126596023639043e-13,13.015574311916026,10.522640296600972,8.841445379519485,12.796809583383457,-27.09824258595154,25.75353948799568,0.7552951706275409
-15.969999999999917,14.030000000000083,0.1,30,-1.2126596023639043e-13,1.8947806286936005e-15,1.2316074086508402e-13,13.993999510432918,11.169013520941673,9.797075673477792,13.758789489682473,-33.04004328879253,27.670605379807824,0.7270362807230122
-15.959999999999916,14.040000000000084,0.1,30,2.0463630789890886e-13,3.789561257387201e-15,-2.0084674664152165e-13,15.178127162019992,11.63159490339766,10.000678912567366,14.92301441872812,-36.23740916593778,29.042233664646858,0.6791995772830196
-15.949999999999914,14.050000000000086,0.1,30,6.063298011819522e-14,9.473903143468002e-15,-5.1159076974727215e-14,15.801121461688608,12.155546002445439,9.320922636772224,15.53553748020331,-37.06315969997243,28.369393733255805,0.6547932234335249
-15.939999999999912,14.060000000000088,0.1,30,-6.821210263296962e-14,-5.684341886080802e-15,6.252776074688882e-14,16.441339278606023,12.907367083744214,8.650402423842792,16.164994567431567,-36.13608568705254,27.130897204977913,0.647165058493752
-15.929999999999911,14.070000000000089,0.1,30,1.6295113406764964e-13,1.1368683772161604e-14,-1.5158245029548803e-13,16.52557742717345,13.36228593654666,9.905350118778415,16.247816847958,-37.30235203128717,26.577646032793552,0.676195936604906
-15.91999999999991,14.08000000000009,0.1,30,-3.031649005909761e-14,9.473903143468002e-16,3.126388037344441e-14,17.8540133648092,14.009220272409674,12.24268927219343,17.553924540961187,-42.54586962109694,27.067975857921837,0.6428256599028213
-15.909999999999908,14.090000000000092,0.1,30,6.063298011819522e-14,-2.842170943040401e-15,-6.347515106123562e-14,21.895429550079665,17.66518914024255,17.928451906073846,21.527412927313982,-53.41307704084893,29.780489003640284,0.6509138958656561
-15.899999999999906,14.100000000000094,0.1,30,-9.473903143468003e-14,1.8947806286936005e-15,9.663381206337362e-14,26.409024222826993,22.382682755200083,22.314379653630198,25.96514346301853,-51.456622535783055,37.2248119155897,0.7270710526381494
-15.889999999999905,14.110000000000095,0.1,30,1.1747639897900324e-13,-3.789561257387201e-15,-1.2126596023639043e-13,28.099550022375784,24.09163224311328,22.14861623301698,27.6272550405935,-43.477238889610305,46.901244656390816,0.7647856784947128
-15.879999999999903,14.120000000000097,0.1,30,-1.6295113406764964e-13,-3.079018521627101e-15,1.5987211554602254e-13,25.435919174849452,20.699319964839038,18.372569472636563,25.00839428659555,-39.35351707297851,53.24422432811938,0.7420865823017024
-15.869999999999902,14.130000000000098,0.1,30,-2.6526928801710407e-14,2.842170943040401e-15,2.936909974475081e-14,21.48400907539877,17.415224947976203,13.031284221083254,21.122907574954958,-36.449704511526576,46.936109840233215,0.7498004034106063
-15.8599999999999,14.1400000000001,0.1,30,7.579122514774402e-14,9.473903143468002e-16,-7.484383483339722e-14,18.190053812992872,15.114883077236325,14.956999105454429,17.88431684825909,-32.979958914607224,33.08560951964397,0.7504982837371957
-15.849999999999898,14.150000000000102,0.1,30,9.094947017729283e-14,7.105427357601002e-16,-9.023892744153272e-14,15.139819488665747,11.501170132884294,8.702572336021433,14.885350617673415,-28.072860227162042,33.737171125248494,0.6487989308931703
-15.839999999999897,14.160000000000103,0.1,30,2.2737367544323207e-14,-7.401486830834377e-18,-2.250792145256734e-14,13.700386086808273,10.183081810359756,6.456090617009977,13.470111096919581,-29.54688260925414,33.34150093709283,0.6394385802742174
-15.829999999999895,14.170000000000105,0.1,30,-5.3053857603420815e-14,-1.0658141036401502e-15,5.198804349978066e-14,13.561765989007771,10.001490003208309,7.007749243559942,13.333820914598624,-28.118586756303756,33.898272934817584,0.6026387466457188
-15.819999999999894,14.180000000000106,0.1,30,-1.3263464400855204e-13,-4.736951571734001e-16,1.3216094885137864e-13,13.115552220501959,9.53662499324804,7.196985156742521,12.895107071305123,-28.745763129068784,32.59687433765419,0.5515968541914574
-15.809999999999892,14.190000000000108,0.1,30,-2.2358411418584485e-13,1.4210854715202005e-15,2.2500519965736507e-13,11.838929259210145,8.43029980130998,5.63121108750687,11.639941486297488,-28.490575715067074,29.60055865142622,0.5059677014888823
-15.79999999999989,14.20000000000011,0.1,30,9.852859269206723e-14,4.736951571734001e-16,-9.805489753489383e-14,10.604856219707443,7.679211951092371,6.640441364564772,10.426610647408168,-25.917110576238663,26.20754402506349,0.46290097515918155
-15.789999999999889,14.210000000000111,0.1,30,-1.1368683772161604e-14,-2.842170943040401e-15,8.526512829121202e-15,10.182779363984942,7.580476587469661,6.285351937621158,10.01162802560491,-24.46479187871519,23.535385330290566,0.410372856296529
-15.779999999999887,14.220000000000113,0.1,30,1.4779288903810084e-13,-9.473903143468002e-16,-1.4874027935244764e-13,10.071491283138792,7.840840447820889,5.588970184626007,9.902210465890734,-22.851028935481835,18.78788209306869,0.2853860747390023
-15.769999999999886,14.230000000000114,0.1,30,-1.3642420526593923e-13,-1.4210854715202005e-15,1.3500311979441904e-13,10.275374232525833,8.115945416296594,5.872056558098542,10.102666567026118,-20.452552229057552,19.684058804068535,0.23289221073432068
-15.759999999999884,14.240000000000116,0.1,30,4.168517383125921e-14,9.473903143468002e-16,-4.073778351691241e-14,9.954983207934992,7.746344139415082,5.364107614262707,9.787660649065167,-20.017004655037695,20.152449955557003,0.27315564169254686
-15.749999999999883,14.250000000000117,0.1,30,-1.1368683772161603e-13,2.842170943040401e-15,1.1652900866465642e-13,10.010378918877711,7.7832797767457995,5.986840072343455,9.842125273343877,-19.350596159797462,21.393585930206726,0.24896937355253335
-15.739999999999881,14.260000000000119,0.1,30,-8.337034766251842e-14,-5.684341886080802e-15,7.768600577643762e-14,9.223305636325277,7.181262892616383,5.474532204254444,9.068281055361814,-17.788834376647884,20.351605321703772,0.2404613694007235
-15.72999999999988,14.27000000000012,0.1,30,2.2737367544323207e-14,1.8947806286936005e-15,-2.0842586915629604e-14,8.690080305902145,6.7570452777456165,5.5393320312186916,8.544018133501005,-17.595403893286658,19.186360607731075,0.25119921037577564
-15.719999999999878,14.280000000000122,0.1,30,-5.3053857603420815e-14,-2.842170943040401e-15,5.021168666038041e-14,7.991323829996244,6.235657193313758,5.101318421382871,7.857006300366804,-16.920243804201007,15.699742546893773,0.26580608948730067
-15.709999999999877,14.290000000000123,0.1,30,3.789561257387201e-15,-1.8947806286936005e-15,-5.684341886080802e-15,7.347992206149767,5.662992724083185,4.922953710615587,7.224487742826462,-15.644259665277303,12.412666908116904,0.24110474776667223
-15.699999999999875,14.300000000000125,0.1,30,-5.3053857603420815e-14,3.789561257387201e-15,5.684341886080802e-14,7.119857561411577,5.471221809146145,4.905726177654117,7.000187566889186,-14.836567053974079,14.085651231312625,0.2109924848343946
-15.689999999999873,14.310000000000127,0.1,30,-1.2126596023639043e-13,1.1368683772161604e-14,1.3263464400855204e-13,6.948718504945957,5.17337289832246,4.470576788166397,6.831925001950702,-14.558032000582841,15.274678198574236,0.21317268942587972
-15.679999999999872,14.320000000000128,0.1,30,-7.579122514774402e-14,0.0,7.579122514774402e-14,6.794695510872792,5.105216328140091,4.266087620650751,6.680490814001547,-13.897976932045708,14.772712366388419,0.22126128660752448
-15.66999999999987,14.33000000000013,0.1,30,1.2505552149377764e-13,1.8947806286936005e-15,-1.2316074086508402e-13,6.600351969895865,5.010905832938679,3.592792766904722,6.489413783665256,-13.317723103685154,14.468822079295109,0.26747165511328375
-15.659999999999869,14.340000000000131,0.1,30,-1.5158245029548804e-14,-1.3263464400855204e-14,1.8947806286936005e-15,6.209720704484549,4.708575504339763,3.0633202797359047,6.105348217214746,-12.926833566545184,13.676069496237886,0.33485320313858913
-15.649999999999867,14.350000000000133,0.1,30,-2.3874235921539367e-13,7.579122514774402e-15,2.4632148173016805e-13,5.748957517386882,4.429270162789328,3.318899984873667,5.65232950078949,-11.767647079623544,12.495943868674885,0.3890219893547725
-15.639999999999866,14.360000000000134,0.1,30,1.3642420526593923e-13,-7.579122514774402e-15,-1.4400332778071363e-13,5.191924937198986,3.94892236154288,2.8504479324092244,5.104659479507431,-10.938341945258685,10.436849092638795,0.4826119530543884
-15.629999999999864,14.370000000000136,0.1,30,8.715990891990563e-14,9.473903143468002e-15,-7.768600577643762e-14,4.9484446069242685,3.821474386526633,3.1291153955930895,4.865271547084633,-9.905632982984258,8.62862544072945,0.5382150359641606
-15.619999999999862,14.380000000000138,0.1,30,6.821210263296962e-14,-1.3263464400855204e-14,-8.147556703382482e-14,4.879767735714056,3.879690191598388,3.67411687561588,4.797748991214389,-9.969772104909822,9.216156013926565,0.5952478746157777
-15.60999999999986,14.39000000000014,0.1,30,4.168517383125921e-14,-3.789561257387201e-15,-4.5474735088646414e-14,4.726565127219835,3.7259272709528544,3.4608039765800527,4.647121399869202,-8.93389721097293,9.79762409679796,0.6183596542593603
-15.59999999999986,14.40000000000014,0.1,30,-2.6526928801710407e-14,-3.789561257387201e-15,2.2737367544323207e-14,4.6021598914795,3.533527766581392,3.134608363571317,4.52480715734765,-8.26847581867736,9.917191797487874,0.6464851812341031
-15.589999999999858,14.410000000000142,0.1,30,-2.6526928801710407e-14,1.1368683772161604e-14,3.789561257387201e-14,4.496424831807674,3.3623454541190085,2.8625708439058712,4.42084928407353,-8.020294660200591,10.07798200375504,0.6841566127308759
-15.579999999999856,14.420000000000144,0.1,30,-1.1368683772161603e-13,-3.789561257387201e-15,1.0989727646422883e-13,4.309930211107624,3.263552928457174,3.213085456386068,4.237489249991981,-7.576154503350551,9.646817271755651,0.6960667168194422
-15.569999999999855,14.430000000000145,0.1,30,7.958078640513122e-14,-2.2737367544323207e-14,-1.0231815394945443e-13,4.439566812218861,3.30844886642797,3.248781717828024,4.364946929515101,-7.572016884589402,10.082606866890728,0.7092447696724822
-15.559999999999853,14.440000000000147,0.1,30,-1.2126596023639043e-13,3.789561257387201e-15,1.2505552149377764e-13,4.539250357848084,3.4416343963926805,3.5415514098945664,4.462955002109009,-7.107100176639108,9.938457386969446,0.7149919879085239
-15.549999999999851,14.450000000000149,0.1,30,5.3053857603420815e-14,1.5158245029548804e-14,-3.789561257387201e-14,4.654371348359757,3.6052073482490643,3.376043878888538,4.576141048250642,-7.3296512649995975,9.661976091216047,0.70443003023416
-15.53999999999985,14.46000000000015,0.1,30,-6.063298011819522e-14,-2.2737367544323207e-14,3.789561257387201e-14,4.299998388340738,3.357735614135413,3.1677506439853573,4.22772436050513,-6.6848347186941055,9.656792231317581,0.7257528487883602
-15.529999999999848,14.470000000000152,0.1,30,2.349527979580065e-13,3.789561257387201e-15,-2.3116323670061925e-13,4.163858124254536,3.262095995861125,3.4267125434478203,4.093872331052409,-6.913295143795551,9.812354449404381,0.717178188898251
-15.519999999999847,14.480000000000153,0.1,30,-3.789561257387201e-15,1.1368683772161604e-14,1.5158245029548804e-14,4.104239035921356,3.1338122894859186,2.7639784484073857,4.035255315571491,-6.762007495639125,10.11580518076454,0.6942086927878661
-15.509999999999845,14.490000000000155,0.1,30,2.6526928801710407e-14,-1.8947806286936004e-14,-4.5474735088646414e-14,4.038677745204546,3.127474663865803,2.8575159566611887,3.9707959737677436,-6.452962035328653,10.381691265650318,0.6687154262541931
-15.499999999999844,14.500000000000156,0.1,30,4.5474735088646414e-14,0.0,-4.5474735088646414e-14,4.193383148157952,3.3354502477553374,3.1512243730378486,4.122901100723444,-5.87365496766688,10.864747964594244,0.577034439810725
